month,state,permit,permit_recheck,handgun,long_gun,other,multiple,admin,prepawn_handgun,prepawn_long_gun,prepawn_other,redemption_handgun,redemption_long_gun,redemption_other,returned_handgun,returned_long_gun,returned_other,rentals_handgun,rentals_long_gun,private_sale_handgun,private_sale_long_gun,private_sale_other,return_to_seller_handgun,return_to_seller_long_gun,return_to_seller_other,totals
2017-09,New York,2933.0,1164.0,8392.0,16213.0,998.0,185,0.0,0.0,1.0,1.0,21.0,20.0,4.0,12.0,43.0,1.0,3.0,5.0,348.0,328.0,19.0,7.0,4.0,1.0,30703
2017-08,New York,2952.0,1600.0,9159.0,13239.0,891.0,158,0.0,1.0,0.0,1.0,16.0,20.0,1.0,18.0,23.0,1.0,5.0,4.0,380.0,280.0,12.0,7.0,9.0,2.0,28779
2017-07,New York,2315.0,1053.0,9212.0,11301.0,879.0,170,0.0,1.0,0.0,0.0,14.0,17.0,0.0,21.0,17.0,0.0,2.0,2.0,356.0,187.0,16.0,9.0,3.0,1.0,25576
2017-06,New York,2602.0,1082.0,10784.0,11309.0,921.0,196,0.0,0.0,0.0,0.0,16.0,14.0,2.0,14.0,30.0,1.0,0.0,4.0,399.0,273.0,18.0,8.0,2.0,2.0,27677
2017-05,New York,3224.0,1622.0,11633.0,12857.0,957.0,183,0.0,0.0,3.0,1.0,22.0,13.0,0.0,14.0,36.0,0.0,2.0,1.0,443.0,247.0,22.0,7.0,7.0,0.0,31294
2017-04,New York,2879.0,1523.0,11913.0,14591.0,1111.0,204,0.0,2.0,0.0,0.0,24.0,15.0,6.0,9.0,33.0,0.0,2.0,12.0,428.0,306.0,32.0,7.0,15.0,1.0,33113
2017-03,New York,3138.0,1635.0,12788.0,15591.0,1245.0,204,0.0,0.0,0.0,0.0,21.0,23.0,6.0,23.0,26.0,0.0,2.0,4.0,528.0,323.0,32.0,6.0,12.0,1.0,35608
2017-02,New York,2794.0,1340.0,11465.0,14080.0,1128.0,179,0.0,0.0,0.0,2.0,20.0,19.0,2.0,11.0,18.0,0.0,2.0,4.0,486.0,304.0,30.0,11.0,12.0,3.0,31910
2017-01,New York,3479.0,1557.0,11059.0,13412.0,1062.0,171,0.0,0.0,0.0,1.0,16.0,18.0,8.0,9.0,21.0,0.0,10.0,6.0,438.0,254.0,29.0,11.0,5.0,1.0,31567
2016-12,New York,2469.0,1126.0,12074.0,22585.0,1029.0,248,0.0,1.0,1.0,1.0,20.0,28.0,6.0,0.0,4.0,1.0,0.0,2.0,378.0,285.0,18.0,8.0,7.0,1.0,40292
2016-11,New York,3702.0,720.0,11157.0,25229.0,1245.0,248,0.0,5.0,1.0,0.0,15.0,52.0,4.0,0.0,7.0,0.0,6.0,6.0,309.0,264.0,34.0,2.0,3.0,0.0,43009
2016-10,New York,3941.0,0.0,10820.0,21094.0,1117.0,219,0.0,2.0,1.0,0.0,20.0,16.0,4.0,0.0,1.0,0.0,3.0,4.0,380.0,245.0,22.0,4.0,10.0,4.0,37907
2016-09,New York,4362.0,0.0,9700.0,17804.0,884.0,208,0.0,0.0,0.0,0.0,12.0,15.0,2.0,0.0,4.0,0.0,2.0,3.0,322.0,249.0,14.0,7.0,7.0,4.0,33599
2016-08,New York,4135.0,0.0,10716.0,14278.0,961.0,187,0.0,1.0,0.0,0.0,20.0,20.0,0.0,0.0,0.0,0.0,0.0,1.0,196.0,200.0,59.0,21.0,12.0,1.0,30808
2016-07,New York,3738.0,0.0,10900.0,13073.0,1131.0,204,0.0,1.0,0.0,0.0,16.0,10.0,5.0,0.0,1.0,0.0,,,265.0,149.0,12.0,4.0,3.0,1.0,29513
2016-06,New York,4257.0,0.0,10062.0,12213.0,1205.0,200,0.0,0.0,2.0,0.0,16.0,18.0,1.0,1.0,2.0,0.0,,,284.0,174.0,14.0,14.0,7.0,2.0,28472
2016-05,New York,4053.0,0.0,10118.0,10815.0,684.0,151,0.0,0.0,1.0,0.0,10.0,18.0,0.0,0.0,2.0,0.0,,,294.0,161.0,15.0,10.0,4.0,0.0,26336
2016-04,New York,4181.0,0.0,11281.0,14660.0,881.0,205,0.0,0.0,1.0,0.0,19.0,22.0,0.0,0.0,0.0,0.0,,,320.0,201.0,8.0,1.0,8.0,1.0,31789
2016-03,New York,5302.0,0.0,12474.0,15134.0,1041.0,193,0.0,0.0,3.0,0.0,10.0,25.0,3.0,0.0,0.0,0.0,,,366.0,203.0,11.0,8.0,5.0,3.0,34781
2016-02,New York,4971.0,0.0,11963.0,15324.0,1130.0,203,0.0,0.0,1.0,0.0,18.0,18.0,3.0,0.0,0.0,0.0,,,333.0,211.0,12.0,3.0,5.0,0.0,34195
2016-01,New York,4535.0,,12020.0,15461.0,1192.0,200,0.0,2.0,0.0,0.0,25.0,21.0,5.0,0.0,0.0,0.0,,,304.0,265.0,23.0,7.0,11.0,0.0,34071
2015-12,New York,3366.0,,15179.0,27786.0,1300.0,251,0.0,2.0,0.0,0.0,26.0,24.0,1.0,0.0,0.0,0.0,,,334.0,220.0,13.0,9.0,3.0,1.0,48515
2015-11,New York,2906.0,,8650.0,23519.0,665.0,149,0.0,0.0,3.0,0.0,16.0,25.0,0.0,0.0,0.0,0.0,,,243.0,220.0,16.0,5.0,4.0,0.0,36421
2015-10,New York,3803.0,,8329.0,19836.0,590.0,171,0.0,0.0,1.0,0.0,8.0,21.0,1.0,0.0,0.0,0.0,,,289.0,202.0,7.0,7.0,17.0,0.0,33282
2015-09,New York,3639.0,,7532.0,15898.0,544.0,132,0.0,2.0,0.0,0.0,13.0,14.0,0.0,0.0,1.0,0.0,,,225.0,191.0,5.0,4.0,3.0,1.0,28204
2015-08,New York,3074.0,,7501.0,12410.0,492.0,122,0.0,1.0,1.0,0.0,10.0,10.0,0.0,0.0,1.0,1.0,,,200.0,138.0,9.0,3.0,5.0,0.0,23978
2015-07,New York,2843.0,,8140.0,9957.0,416.0,114,0.0,0.0,1.0,0.0,11.0,7.0,1.0,1.0,0.0,0.0,,,202.0,119.0,4.0,1.0,4.0,0.0,21821
2015-06,New York,3222.0,,8140.0,10400.0,444.0,150,0.0,0.0,0.0,0.0,12.0,11.0,1.0,0.0,0.0,0.0,,,207.0,114.0,6.0,2.0,8.0,0.0,22717
2015-05,New York,2788.0,,7767.0,10516.0,449.0,114,0.0,0.0,0.0,0.0,8.0,13.0,1.0,0.0,0.0,0.0,,,174.0,134.0,5.0,0.0,6.0,2.0,21977
2015-04,New York,3186.0,,9004.0,13499.0,557.0,149,0.0,1.0,2.0,0.0,10.0,11.0,2.0,0.0,0.0,0.0,,,249.0,133.0,2.0,4.0,9.0,,26818
2015-03,New York,4253.0,,9776.0,14574.0,663.0,154,0.0,0.0,0.0,0.0,14.0,14.0,2.0,0.0,0.0,0.0,,,265.0,151.0,8.0,3.0,12.0,,29889
2015-02,New York,2886.0,,8512.0,13343.0,643.0,153,0.0,1.0,1.0,0.0,9.0,18.0,1.0,0.0,0.0,0.0,,,197.0,136.0,13.0,3.0,4.0,0.0,25920
2015-01,New York,3923.0,,9002.0,12478.0,597.0,141,0.0,0.0,1.0,0.0,9.0,16.0,1.0,0.0,0.0,0.0,,,189.0,121.0,11.0,4.0,13.0,0.0,26506
2014-12,New York,2978.0,,9349.0,21403.0,604.0,164,0.0,0.0,0.0,0.0,10.0,20.0,3.0,,,,,,183.0,118.0,4.0,6.0,7.0,0.0,34849
2014-11,New York,3233.0,,6959.0,22126.0,489.0,145,0.0,0.0,0.0,0.0,4.0,27.0,6.0,,,,,,132.0,128.0,3.0,2.0,6.0,0.0,33260
2014-10,New York,3703.0,,8190.0,21900.0,392.0,152,0.0,1.0,1.0,0.0,7.0,19.0,0.0,,,,,,153.0,127.0,6.0,6.0,2.0,0.0,34659
2014-09,New York,3488.0,,7350.0,16835.0,455.0,125,0.0,0.0,1.0,0.0,12.0,13.0,2.0,,,,,,167.0,116.0,3.0,4.0,4.0,0.0,28575
2014-08,New York,5904.0,,7025.0,13388.0,415.0,124,0.0,0.0,1.0,1.0,9.0,19.0,0.0,,,,0.0,,148.0,93.0,3.0,2.0,7.0,0.0,27139
2014-07,New York,9454.0,,7428.0,9573.0,338.0,90,0.0,0.0,0.0,0.0,13.0,19.0,0.0,,,,,,123.0,70.0,7.0,4.0,7.0,0.0,27126
2014-06,New York,6899.0,,6991.0,9201.0,343.0,123,0.0,1.0,0.0,0.0,7.0,13.0,0.0,0.0,,,,,136.0,82.0,7.0,2.0,5.0,,23810
2014-05,New York,6387.0,,8008.0,10682.0,444.0,111,0.0,1.0,0.0,0.0,5.0,14.0,0.0,,,,,,131.0,95.0,7.0,2.0,2.0,,25889
2014-04,New York,19290.0,,8812.0,14214.0,682.0,159,0.0,0.0,2.0,0.0,5.0,17.0,0.0,,,,,,148.0,97.0,2.0,4.0,1.0,,43433
2014-03,New York,7078.0,,9717.0,15665.0,913.0,158,0.0,0.0,0.0,0.0,5.0,16.0,1.0,0.0,0.0,,,,166.0,90.0,7.0,,3.0,0.0,33819
2014-02,New York,4043.0,,8553.0,13614.0,731.0,149,0.0,3.0,0.0,0.0,10.0,26.0,2.0,,,,,,106.0,65.0,7.0,3.0,5.0,0.0,27317
2014-01,New York,4196.0,,8356.0,11964.0,704.0,137,0.0,0.0,2.0,0.0,3.0,8.0,0.0,,,,0.0,,106.0,63.0,5.0,5.0,2.0,,25551
2013-12,New York,2828.0,,8013.0,20786.0,689.0,154,0.0,0.0,2.0,0.0,4.0,12.0,0.0,,,,,,93.0,66.0,6.0,,4.0,,32657
2013-11,New York,2131.0,,7289.0,22304.0,530.0,133,67.0,1.0,1.0,0.0,5.0,36.0,0.0,,,,,,83.0,56.0,5.0,,2.0,0.0,32643
2013-10,New York,1748.0,,7890.0,19394.0,516.0,141,482.0,1.0,1.0,0.0,28.0,33.0,0.0,,,,,,77.0,86.0,4.0,,1.0,,30402
2013-09,New York,1842.0,,7198.0,16803.0,688.0,136,424.0,0.0,2.0,0.0,5.0,15.0,0.0,,,,,,62.0,70.0,1.0,,1.0,0.0,27247
2013-08,New York,2164.0,,7552.0,12961.0,465.0,144,454.0,0.0,0.0,0.0,3.0,15.0,0.0,,,,,,64.0,40.0,0.0,2.0,3.0,,23867
2013-07,New York,1896.0,,7572.0,9719.0,403.0,103,364.0,0.0,0.0,0.0,2.0,6.0,0.0,,,,,,,,,,,,20065
2013-06,New York,2451.0,,7250.0,10414.0,453.0,112,312.0,0.0,0.0,0.0,1.0,10.0,0.0,,,,,0.0,,,,,,,21003
2013-05,New York,2518.0,,7992.0,11417.0,550.0,123,558.0,0.0,0.0,0.0,0.0,9.0,0.0,,,,,,,,,,,,23167
2013-04,New York,2706.0,,10237.0,16789.0,514.0,138,607.0,0.0,0.0,0.0,3.0,5.0,0.0,,,,0.0,,,,,,,,30999
2013-03,New York,2800.0,,12598.0,18458.0,605.0,198,342.0,0.0,0.0,0.0,0.0,12.0,0.0,,,,0.0,,,,,,,,35013
2013-02,New York,2486.0,,11469.0,17235.0,523.0,197,320.0,0.0,0.0,0.0,6.0,13.0,0.0,,,,,,,,,,,,32249
2013-01,New York,2935.0,,13448.0,25744.0,1143.0,253,213.0,0.0,0.0,0.0,4.0,12.0,0.0,,,,,,,,,,,,43752
2012-12,New York,2317.0,,9489.0,34876.0,1212.0,289,126.0,0.0,0.0,0.0,2.0,9.0,0.0,,,,,,,,,,,,48320
2012-11,New York,2315.0,,6692.0,28126.0,696.0,164,129.0,0.0,0.0,0.0,1.0,27.0,0.0,,,,,,,,,,,,38150
2012-10,New York,1689.0,,6546.0,21226.0,540.0,143,142.0,0.0,0.0,0.0,0.0,8.0,0.0,,,,,,,,,,,,30294
2012-09,New York,2185.0,,5784.0,19289.0,564.0,114,105.0,0.0,0.0,0.0,0.0,9.0,0.0,,,,,,,,,,,,28050
2012-08,New York,2784.0,,6177.0,14572.0,462.0,121,172.0,0.0,0.0,0.0,0.0,8.0,0.0,,,,,,,,,,,,24296
2012-07,New York,2166.0,,6002.0,11448.0,372.0,86,205.0,0.0,0.0,0.0,0.0,5.0,0.0,,,,,,,,,,,,20284
2012-06,New York,2348.0,,5894.0,11424.0,376.0,100,129.0,0.0,0.0,0.0,0.0,12.0,0.0,,,,,,,,,,,,20283
2012-05,New York,3325.0,,6541.0,12175.0,411.0,112,241.0,0.0,0.0,0.0,0.0,6.0,0.0,,,,,,,,,,,,22811
2012-04,New York,3046.0,,6768.0,15285.0,519.0,132,150.0,0.0,0.0,0.0,0.0,6.0,0.0,,,,,,,,,,,,25906
2012-03,New York,2886.0,,8068.0,17056.0,552.0,128,440.0,0.0,0.0,0.0,0.0,9.0,0.0,,,,,,,,,,,,29139
2012-02,New York,2765.0,,8269.0,17120.0,561.0,122,279.0,0.0,0.0,0.0,0.0,13.0,0.0,,,,,,,,,,,,29129
2012-01,New York,2703.0,,6654.0,11877.0,402.0,88,223.0,0.0,0.0,0.0,0.0,10.0,0.0,,,,,,,,,,,,21957
2011-12,New York,2953.0,,6497.0,21271.0,366.0,92,29.0,0.0,0.0,0.0,0.0,4.0,0.0,,,,,,,,,,,,31212
2011-11,New York,3232.0,,5030.0,20098.0,322.0,77,17.0,0.0,0.0,0.0,0.0,16.0,0.0,,,,,,,,,,,,28792
2011-10,New York,2938.0,,5101.0,17748.0,297.0,93,28.0,0.0,0.0,0.0,0.0,8.0,0.0,,,,,,,,,,,,26213
2011-09,New York,3069.0,,4894.0,16404.0,341.0,82,47.0,0.0,0.0,0.0,0.0,10.0,0.0,,,,,,,,,,,,24847
2011-08,New York,3667.0,,4973.0,11860.0,237.0,79,28.0,0.0,0.0,0.0,0.0,4.0,0.0,,,,,,,,,,,,20848
2011-07,New York,2831.0,,4069.0,8408.0,212.0,75,9.0,0.0,0.0,0.0,0.0,5.0,0.0,,,,,,,,,,,,15609
2011-06,New York,3349.0,,4850.0,8697.0,225.0,73,19.0,0.0,0.0,0.0,0.0,9.0,0.0,,,,,,,,,,,,17222
2011-05,New York,3591.0,,5153.0,9953.0,250.0,80,13.0,0.0,0.0,0.0,0.0,3.0,0.0,,,,,,,,,,,,19043
2011-04,New York,3068.0,,6408.0,13721.0,375.0,110,13.0,0.0,0.0,0.0,0.0,7.0,0.0,,,,,,,,,,,,23702
2011-03,New York,3370.0,,7472.0,14201.0,419.0,112,8.0,0.0,0.0,0.0,0.0,8.0,0.0,,,,,,,,,,,,25590
2011-02,New York,2795.0,,5940.0,11375.0,363.0,92,4.0,0.0,0.0,0.0,0.0,6.0,0.0,,,,,,,,,,,,20575
2011-01,New York,2596.0,,5387.0,9811.0,304.0,67,13.0,0.0,0.0,0.0,0.0,6.0,0.0,,,,,,,,,,,,18184
2010-12,New York,2606.0,,5392.0,16569.0,285.0,87,12.0,0.0,0.0,0.0,0.0,5.0,0.0,,,,,,,,,,,,24956
2010-11,New York,2263.0,,4811.0,18366.0,218.0,78,6.0,1.0,1.0,0.0,1.0,13.0,0.0,,,,,,,,,,,,25758
2010-10,New York,2954.0,,5056.0,16813.0,219.0,78,9.0,0.0,0.0,0.0,0.0,9.0,0.0,,,,,,,,,,,,25138
2010-09,New York,2377.0,,4967.0,14319.0,274.0,68,12.0,0.0,0.0,0.0,0.0,4.0,0.0,,,,,,,,,,,,22021
2010-08,New York,2744.0,,4713.0,10271.0,182.0,89,11.0,0.0,0.0,0.0,0.0,5.0,0.0,,,,,,,,,,,,18015
2010-07,New York,2162.0,,4496.0,8367.0,162.0,72,14.0,0.0,0.0,0.0,0.0,4.0,0.0,,,,,,,,,,,,15277
2010-06,New York,2512.0,,5010.0,8535.0,212.0,69,3.0,0.0,0.0,0.0,0.0,4.0,0.0,,,,,,,,,,,,16345
2010-05,New York,1955.0,,4774.0,8957.0,224.0,73,8.0,0.0,0.0,0.0,1.0,9.0,0.0,,,,,,,,,,,,16001
2010-04,New York,2670.0,,5313.0,11554.0,270.0,84,9.0,0.0,0.0,0.0,0.0,6.0,0.0,,,,,,,,,,,,19906
2010-03,New York,2975.0,,6093.0,12810.0,380.0,91,7.0,0.0,0.0,0.0,1.0,8.0,0.0,,,,,,,,,,,,22365
2010-02,New York,2474.0,,4702.0,10776.0,272.0,62,14.0,0.0,0.0,0.0,0.0,2.0,0.0,,,,,,,,,,,,18302
2010-01,New York,2355.0,,4521.0,10202.0,252.0,58,16.0,0.0,0.0,0.0,0.0,7.0,0.0,,,,,,,,,,,,17411
2009-12,New York,3063.0,,4652.0,15879.0,206.0,62,9.0,0.0,0.0,,0.0,1.0,,,,,,,,,,,,,23872
2009-11,New York,2257.0,,4162.0,16442.0,242.0,59,6.0,0.0,0.0,,0.0,8.0,,,,,,,,,,,,,23176
2009-10,New York,3228.0,,4851.0,17047.0,189.0,81,18.0,0.0,0.0,,0.0,9.0,,,,,,,,,,,,,25423
2009-09,New York,2882.0,,4246.0,13698.0,227.0,70,25.0,0.0,0.0,,0.0,11.0,,,,,,,,,,,,,21159
2009-08,New York,3087.0,,3989.0,9924.0,202.0,78,5.0,0.0,0.0,,0.0,4.0,,,,,,,,,,,,,17289
2009-07,New York,3156.0,,4082.0,8313.0,184.0,57,29.0,0.0,0.0,,0.0,3.0,,,,,,,,,,,,,15824
2009-06,New York,2723.0,,4358.0,8854.0,15.0,232,11.0,0.0,0.0,,0.0,0.0,,,,,,,,,,,,,16193
2009-05,New York,2294.0,,4331.0,9477.0,,292,15.0,0.0,0.0,,0.0,6.0,,,,,,,,,,,,,16415
2009-04,New York,3191.0,,5407.0,12724.0,,389,14.0,0.0,0.0,,0.0,2.0,,,,,,,,,,,,,21727
2009-03,New York,3443.0,,5447.0,13506.0,,378,13.0,0.0,0.0,,0.0,7.0,,,,,,,,,,,,,22794
2009-02,New York,2378.0,,4576.0,11605.0,,337,5.0,0.0,0.0,,0.0,9.0,,,,,,,,,,,,,18910
2009-01,New York,2514.0,,4512.0,11128.0,,222,5.0,0.0,0.0,,0.0,2.0,,,,,,,,,,,,,18383
2008-12,New York,2526.0,,4197.0,16496.0,,225,7.0,0.0,0.0,,0.0,3.0,,,,,,,,,,,,,23454
2008-11,New York,2175.0,,3823.0,20863.0,,187,22.0,0.0,1.0,,0.0,10.0,,,,,,,,,,,,,27081
2008-10,New York,2445.0,,3862.0,16464.0,,72,5.0,0.0,0.0,,0.0,10.0,,,,,,,,,,,,,22858
2008-09,New York,3150.0,,3440.0,13770.0,,55,8.0,0.0,0.0,,0.0,5.0,,,,,,,,,,,,,20428
2008-08,New York,3107.0,,3237.0,9179.0,,57,7.0,0.0,0.0,,0.0,5.0,,,,,,,,,,,,,15592
2008-07,New York,2854.0,,3312.0,7014.0,,48,6.0,0.0,0.0,,0.0,6.0,,,,,,,,,,,,,13240
2008-06,New York,2867.0,,3099.0,7173.0,,42,5.0,0.0,0.0,,0.0,5.0,,,,,,,,,,,,,13191
2008-05,New York,3099.0,,3571.0,8632.0,,71,11.0,0.0,0.0,,0.0,4.0,,,,,,,,,,,,,15388
2008-04,New York,3435.0,,3955.0,10703.0,,59,13.0,0.0,0.0,,5.0,9.0,,,,,,,,,,,,,18179
2008-03,New York,3339.0,,4263.0,11056.0,,71,8.0,0.0,0.0,,0.0,11.0,,,,,,,,,,,,,18748
2008-02,New York,3452.0,,3766.0,10003.0,,47,5.0,0.0,0.0,,0.0,10.0,,,,,,,,,,,,,17283
2008-01,New York,3173.0,,3799.0,9442.0,,55,5.0,0.0,0.0,,0.0,4.0,,,,,,,,,,,,,16478
2007-12,New York,3066.0,,3263.0,14674.0,,56,7.0,0.0,0.0,,0.0,5.0,,,,,,,,,,,,,21071
2007-11,New York,2823.0,,2934.0,16062.0,,59,6.0,0.0,2.0,,0.0,17.0,,,,,,,,,,,,,21903
2007-10,New York,3088.0,,3227.0,15540.0,,57,8.0,0.0,3.0,,0.0,5.0,,,,,,,,,,,,,21928
2007-09,New York,3354.0,,2992.0,13961.0,,42,3.0,0.0,0.0,,0.0,9.0,,,,,,,,,,,,,20361
2007-08,New York,3196.0,,3181.0,9579.0,,50,4.0,0.0,2.0,,0.0,8.0,,,,,,,,,,,,,16020
2007-07,New York,3427.0,,3163.0,7363.0,,47,6.0,0.0,0.0,,0.0,5.0,,,,,,,,,,,,,14011
2007-06,New York,2826.0,,3245.0,7131.0,,50,6.0,0.0,1.0,,0.0,9.0,,,,,,,,,,,,,13268
2007-05,New York,4029.0,,3239.0,7596.0,,47,11.0,0.0,0.0,,0.0,3.0,,,,,,,,,,,,,14925
2007-04,New York,3377.0,,3665.0,10252.0,,59,14.0,0.0,3.0,,0.0,7.0,,,,,,,,,,,,,17377
2007-03,New York,3687.0,,4058.0,10401.0,,53,12.0,0.0,0.0,,0.0,6.0,,,,,,,,,,,,,18217
2007-02,New York,3245.0,,3345.0,9094.0,,50,5.0,0.0,1.0,,0.0,10.0,,,,,,,,,,,,,15750
2007-01,New York,3809.0,,3752.0,9711.0,,51,13.0,0.0,0.0,,0.0,7.0,,,,,,,,,,,,,17343
2006-12,New York,3299.0,,3263.0,17617.0,,50,11.0,0.0,0.0,,1.0,2.0,,,,,,,,,,,,,24243
2006-11,New York,3503.0,,2968.0,16692.0,,42,12.0,0.0,0.0,,1.0,14.0,,,,,,,,,,,,,23232
2006-10,New York,4129.0,,3241.0,15579.0,,64,11.0,0.0,1.0,,0.0,14.0,,,,,,,,,,,,,23039
2006-09,New York,3192.0,,3223.0,14603.0,,66,6.0,0.0,0.0,,0.0,16.0,,0.0,0.0,,,,,,,,,,21106
2006-08,New York,2940.0,,2903.0,8838.0,,44,13.0,0.0,0.0,,1.0,7.0,,0.0,0.0,,,,,,,,,,14746
2006-07,New York,2522.0,,2667.0,6554.0,,31,9.0,0.0,0.0,,0.0,8.0,,0.0,0.0,,,,,,,,,,11791
2006-06,New York,2840.0,,3039.0,7049.0,,44,5.0,0.0,0.0,,0.0,13.0,,0.0,0.0,,,,,,,,,,12990
2006-05,New York,3182.0,,2656.0,7338.0,,33,7.0,1.0,0.0,,0.0,10.0,,0.0,0.0,,,,,,,,,,13227
2006-04,New York,3473.0,,986.0,8615.0,,31,8.0,0.0,0.0,,0.0,5.0,,,,,,,,,,,,,13118
2006-03,New York,4553.0,,1334.0,8827.0,,18,19.0,0.0,0.0,,1.0,11.0,,,,,,,,,,,,,14763
2006-02,New York,3727.0,,1117.0,8263.0,,19,9.0,7.0,0.0,,1.0,12.0,,,,,,,,,,,,,13155
2006-01,New York,4363.0,,1483.0,7719.0,,7,15.0,2.0,0.0,,0.0,16.0,,,,,,,,,,,,,13605
2005-12,New York,2729.0,,1040.0,14046.0,,18,13.0,3.0,0.0,,1.0,13.0,,,,,,,,,,,,,17863
2005-11,New York,3347.0,,821.0,14122.0,,18,10.0,2.0,0.0,,0.0,33.0,,,,,,,,,,,,,18353
2005-10,New York,3972.0,,920.0,14408.0,,13,16.0,2.0,0.0,,0.0,20.0,,,,,,,,,,,,,19351
2005-09,New York,3341.0,,938.0,11950.0,,12,11.0,2.0,0.0,,0.0,19.0,,,,,,,,,,,,,16273
2005-08,New York,2723.0,,1167.0,7461.0,,27,8.0,3.0,0.0,,1.0,11.0,,,,,,,,,,,,,11401
2005-07,New York,2477.0,,1255.0,5580.0,,13,3.0,6.0,0.0,,0.0,8.0,,,,,,,,,,,,,9342
2005-06,New York,2063.0,,923.0,5122.0,,20,14.0,0.0,0.0,,0.0,11.0,,,,,,,,,,,,,8153
2005-05,New York,2390.0,,1009.0,6174.0,,19,10.0,0.0,0.0,,0.0,4.0,,,,,,,,,,,,,9606
2005-04,New York,2776.0,,1100.0,8477.0,,27,29.0,0.0,1.0,,0.0,6.0,,,,,,,,,,,,,12416
2005-03,New York,3236.0,,1256.0,8020.0,,34,10.0,2.0,0.0,,0.0,9.0,,,,,,,,,,,,,12567
2005-02,New York,3081.0,,1164.0,7693.0,,8,11.0,0.0,0.0,,0.0,21.0,,,,,,,,,,,,,11978
2005-01,New York,3459.0,,1360.0,6624.0,,11,11.0,0.0,0.0,,1.0,12.0,,,,,,,,,,,,,11478
2004-12,New York,3231.0,,983.0,13959.0,,15,56.0,1.0,0.0,,0.0,15.0,,,,,,,,,,,,,18260
2004-11,New York,3347.0,,887.0,15358.0,,13,60.0,0.0,0.0,,1.0,39.0,,,,,,,,,,,,,19705
2004-10,New York,3618.0,,970.0,15386.0,,37,163.0,42.0,0.0,,0.0,19.0,,,,,,,,,,,,,20235
2004-09,New York,4022.0,,853.0,11869.0,,28,128.0,98.0,0.0,,0.0,13.0,,,,,,,,,,,,,17011
2004-08,New York,3011.0,,752.0,7714.0,,14,155.0,74.0,0.0,,0.0,12.0,,,,,,,,,,,,,11732
2004-07,New York,2368.0,,785.0,5806.0,,12,154.0,51.0,0.0,,1.0,8.0,,,,,,,,,,,,,9185
2004-06,New York,2266.0,,686.0,5400.0,,5,196.0,72.0,0.0,,0.0,5.0,,,,,,,,,,,,,8630
2004-05,New York,2099.0,,763.0,5709.0,,5,261.0,93.0,0.0,,0.0,8.0,,,,,,,,,,,,,8938
2004-04,New York,2926.0,,864.0,8355.0,,23,176.0,37.0,0.0,,0.0,10.0,,,,,,,,,,,,,12391
2004-03,New York,3753.0,,998.0,8218.0,,7,259.0,127.0,0.0,,0.0,10.0,,,,,,,,,,,,,13372
2004-02,New York,2572.0,,815.0,6938.0,,13,163.0,48.0,0.0,,0.0,16.0,,,,,,,,,,,,,10565
2004-01,New York,2578.0,,993.0,6345.0,,16,150.0,101.0,0.0,,0.0,15.0,,,,,,,,,,,,,10198
2003-12,New York,2291.0,,626.0,12525.0,,14,166.0,85.0,0.0,,0.0,12.0,,,,,,,,,,,,,15719
2003-11,New York,2198.0,,575.0,13967.0,,17,200.0,51.0,0.0,,0.0,30.0,,,,,,,,,,,,,17038
2003-10,New York,2557.0,,703.0,13798.0,,15,172.0,71.0,0.0,,5.0,17.0,,,,,,,,,,,,,17338
2003-09,New York,2320.0,,673.0,11066.0,,9,161.0,164.0,0.0,,0.0,15.0,,,,,,,,,,,,,14408
2003-08,New York,2377.0,,590.0,7318.0,,7,151.0,34.0,0.0,,0.0,22.0,,,,,,,,,,,,,10499
2003-07,New York,2797.0,,564.0,5098.0,,13,140.0,118.0,0.0,,0.0,15.0,,,,,,,,,,,,,8745
2003-06,New York,3527.0,,532.0,5150.0,,7,129.0,50.0,0.0,,0.0,9.0,,,,,,,,,,,,,9404
2003-05,New York,3584.0,,840.0,5765.0,,7,68.0,84.0,0.0,,0.0,11.0,,,,,,,,,,,,,10359
2003-04,New York,3403.0,,892.0,7714.0,,7,63.0,60.0,0.0,,0.0,15.0,,,,,,,,,,,,,12154
2003-03,New York,3746.0,,930.0,8418.0,,7,42.0,86.0,0.0,,0.0,16.0,,,,,,,,,,,,,13245
2003-02,New York,3211.0,,878.0,7132.0,,10,46.0,105.0,0.0,,0.0,24.0,,,,,,,,,,,,,11406
2003-01,New York,3822.0,,846.0,5742.0,,6,49.0,41.0,0.0,,0.0,10.0,,,,,,,,,,,,,10516
2002-12,New York,3520.0,,566.0,11725.0,,9,57.0,65.0,0.0,,1.0,9.0,,,,,,,,,,,,,15952
2002-11,New York,2560.0,,592.0,14134.0,,14,49.0,25.0,0.0,,1.0,42.0,,,,,,,,,,,,,17417
2002-10,New York,3642.0,,621.0,14158.0,,14,65.0,101.0,0.0,,0.0,28.0,,,,,,,,,,,,,18629
2002-09,New York,3599.0,,614.0,11156.0,,15,52.0,1.0,0.0,,0.0,20.0,,,,,,,,,,,,,15457
2002-08,New York,3059.0,,528.0,6931.0,,9,33.0,0.0,0.0,,0.0,18.0,,,,,,,,,,,,,10578
2002-07,New York,3665.0,,554.0,4958.0,,12,27.0,1.0,1.0,,0.0,12.0,,,,,,,,,,,,,9230
2002-06,New York,3975.0,,584.0,5060.0,,11,37.0,0.0,0.0,,0.0,14.0,,,,,,,,,,,,,9681
2002-05,New York,4127.0,,718.0,5995.0,,12,28.0,0.0,0.0,,0.0,16.0,,,,,,,,,,,,,10896
2002-04,New York,6083.0,,953.0,7913.0,,11,47.0,0.0,0.0,,0.0,15.0,,,,,,,,,,,,,15022
2002-03,New York,5047.0,,822.0,7743.0,,6,79.0,0.0,1.0,,0.0,11.0,,,,,,,,,,,,,13709
2002-02,New York,4110.0,,626.0,7067.0,,8,86.0,0.0,2.0,,0.0,7.0,,,,,,,,,,,,,11906
2002-01,New York,5175.0,,705.0,6459.0,,10,88.0,0.0,0.0,,0.0,13.0,,,,,,,,,,,,,12450
2001-12,New York,4228.0,,661.0,13163.0,,13,36.0,0.0,0.0,,0.0,9.0,,,,,,,,,,,,,18110
2001-11,New York,4530.0,,718.0,16313.0,,16,59.0,0.0,1.0,,0.0,38.0,,,,,,,,,,,,,21675
2001-10,New York,5823.0,,862.0,17888.0,,15,116.0,0.0,0.0,,0.0,0.0,,,,,,,,,,,,,24704
2001-09,New York,3806.0,,657.0,14606.0,,12,69.0,,,,,,,,,,,,,,,,,,19150
2001-08,New York,4606.0,,532.0,6766.0,,9,59.0,,,,,,,,,,,,,,,,,,11972
2001-07,New York,3788.0,,673.0,4818.0,,7,46.0,,,,,,,,,,,,,,,,,,9332
2001-06,New York,5044.0,,717.0,4485.0,,5,69.0,,,,,,,,,,,,,,,,,,10320
2001-05,New York,4201.0,,811.0,5133.0,,11,70.0,,,,,,,,,,,,,,,,,,10226
2001-04,New York,5137.0,,788.0,6964.0,,7,69.0,,,,,,,,,,,,,,,,,,12965
2001-03,New York,6579.0,,784.0,7254.0,,4,58.0,,,,,,,,,,,,,,,,,,14679
2001-02,New York,4185.0,,749.0,6536.0,,8,27.0,,,,,,,,,,,,,,,,,,11505
2001-01,New York,4769.0,,677.0,5845.0,,4,34.0,,,,,,,,,,,,,,,,,,11329
2000-12,New York,4850.0,,664.0,11546.0,,0,29.0,,,,,,,,,,,,,,,,,,17089
2000-11,New York,4644.0,,746.0,14052.0,,10,23.0,,,,,,,,,,,,,,,,,,19475
2000-10,New York,5057.0,,880.0,13632.0,,15,36.0,,,,,,,,,,,,,,,,,,19620
2000-09,New York,4847.0,,775.0,11623.0,,12,50.0,,,,,,,,,,,,,,,,,,17307
2000-08,New York,5179.0,,661.0,7313.0,,9,26.0,,,,,,,,,,,,,,,,,,13188
2000-07,New York,4360.0,,637.0,5026.0,,11,33.0,,,,,,,,,,,,,,,,,,10067
2000-06,New York,4105.0,,707.0,4674.0,,8,33.0,,,,,,,,,,,,,,,,,,9527
2000-05,New York,4241.0,,737.0,5148.0,,7,24.0,,,,,,,,,,,,,,,,,,10157
2000-04,New York,3995.0,,850.0,7639.0,,6,34.0,,,,,,,,,,,,,,,,,,12524
2000-03,New York,3946.0,,1316.0,7591.0,,16,88.0,,,,,,,,,,,,,,,,,,12957
2000-02,New York,3986.0,,960.0,6116.0,,8,36.0,,,,,,,,,,,,,,,,,,11106
2000-01,New York,4634.0,,691.0,5567.0,,9,56.0,,,,,,,,,,,,,,,,,,10957
1999-12,New York,4912.0,,778.0,14673.0,,10,42.0,,,,,,,,,,,,,,,,,,20415
1999-11,New York,4223.0,,728.0,15637.0,,8,43.0,,,,,,,,,,,,,,,,,,20639
1999-10,New York,4669.0,,877.0,14634.0,,4,70.0,,,,,,,,,,,,,,,,,,20254
1999-09,New York,4496.0,,803.0,11908.0,,14,98.0,,,,,,,,,,,,,,,,,,17319
1999-08,New York,4341.0,,838.0,7844.0,,11,92.0,,,,,,,,,,,,,,,,,,13126
1999-07,New York,3685.0,,778.0,5290.0,,7,78.0,,,,,,,,,,,,,,,,,,9838
1999-06,New York,5420.0,,709.0,5039.0,,5,64.0,,,,,,,,,,,,,,,,,,11237
1999-05,New York,7968.0,,924.0,5741.0,,10,53.0,,,,,,,,,,,,,,,,,,14696
1999-04,New York,8094.0,,1067.0,8127.0,,15,91.0,,,,,,,,,,,,,,,,,,17394
1999-03,New York,8466.0,,1202.0,7868.0,,14,118.0,,,,,,,,,,,,,,,,,,17668
1999-02,New York,5664.0,,865.0,6474.0,,14,127.0,,,,,,,,,,,,,,,,,,13144
1999-01,New York,4616.0,,882.0,5327.0,,11,61.0,,,,,,,,,,,,,,,,,,10897
1998-12,New York,1068.0,,1054.0,12234.0,,12,49.0,,,,,,,,,,,,,,,,,,14417
1998-11,New York,0.0,,40.0,279.0,,0,0.0,,,,,,,,,,,,,,,,,,319
